# Re, U(m/s), Q(Pa), Beta
155282.2415,10.18083258,59.78685333,-0.565
171621.8505,11.27522443,73.24698667,-0.451
188929.5223,12.420809,88.85302833,-0.331
204501.8109,13.44010817,104.0540667,-0.222
219843.966,14.44929776,120.2630167,-0.116
236467.7142,15.55530301,139.311,0
243778.4326,16.04697699,148.201075,0.051
246671.8918,16.24411215,151.8296833,0.071
249656.9726,16.44540868,155.59085,0.092
251345.1495,16.56194032,157.7751667,0.104
252838.8017,16.66394929,159.7053833,0.114
255113.5351,16.81870339,162.6591833,0.13
257272.0157,16.96210554,165.43875,0.145
259628.3463,17.11973795,168.51535,0.161
261329.7326,17.22983515,170.7014083,0.173
264496.3303,17.44279129,174.9235833,0.195
266250.7644,17.55797312,177.2443333,0.207
268103.2228,17.68316552,179.7636083,0.22
270388.2694,17.83133425,182.8034,0.236
272675.1491,17.98239012,185.9123,0.252
275807.4923,18.19364717,190.2786083,0.274
279266.6731,18.42384263,195.1121083,0.298
282223.3798,18.61779063,199.2483167,0.318
283922.2031,18.73243041,201.6940667,0.33
288522.9581,19.03657237,208.293025,0.362
291038.1814,19.20549021,211.9875333,0.38
293271.1778,19.35432748,215.2766833,0.395
296318.366,19.55841663,219.8218556,0.417
299239.4766,19.75041228,224.1639889,0.437
302187.5513,19.94851314,228.6606667,0.457
305451.6902,20.16560814,233.6541333,0.48
307742.6681,20.31762775,237.1851778,0.496
311055.7418,20.53582678,242.3105333,0.519
313707.2233,20.71397308,246.5120889,0.538
317054.079,20.93589337,251.8161444,0.561
319919.591,21.12697777,256.4210889,0.581
322733.1493,21.31545395,260.9982111,0.6
325235.7281,21.48109531,265.0679222,0.618
328300.5877,21.68452531,270.1051556,0.639
331738.025,21.91059978,275.7734111,0.663
334977.5708,22.12920884,281.2706222,0.686
337290.4985,22.28113579,285.1522333,0.702
340350.4648,22.4853684,290.3884889,0.723
343783.4657,22.71512538,296.3315444,0.747
346424.4034,22.89083713,300.9248111,0.765
349931.5572,23.12617761,307.1173583,0.79
353306.5702,23.34758832,313.03855,0.813
354529.0305,23.42938406,315.2281278,0.822
357182.6121,23.60438379,319.957525,0.84
358377.2348,23.68345076,322.1037,0.848
362125.0535,23.93217616,328.896625,0.874
364285.6371,24.07667638,332.867,0.889
367955.0971,24.32070219,339.6368583,0.915
368889.645,24.38228838,341.3605833,0.922
371182.6323,24.53482308,345.6372833,0.937
372570.3269,24.62884497,348.2731778,0.947
374398.2144,24.75157128,351.7376,0.96
380164.9793,25.13662301,362.7355167,1
388461.7425,25.68249156,378.6834833,1.058
403279.5274,26.66798361,408.25255,1.161
433596.2859,28.68918125,472.3293833,1.372
463665.2765,30.69022276,540.40215,1.581
