158570.5621,1.039036611,0.937056155,0.567400179,0.031873961,-0.55160347,-1.062594274,-1.081403154,-0.996810131,-0.949204515,-0.940674762,-0.975655726,-0.97742843,-0.955689811,-0.951177031,-0.995931256,-0.989066472,-0.996533652,-0.972045101,-0.994634115,-0.991540244,-1.005874532,-0.970752699,-1.001934518,-1.028011776,-1.016982072,-1.023341108,-1.020714386,-1.000064192,-0.979574757,-0.992488968,-0.951128022,-0.976593393,-0.981078382,-0.988800131,-0.939734795,-0.968382741,-0.941459744,-0.942844503,-0.961686389,-0.955882303,-0.974353097,-0.972201209,-1.060422318,-1.102590089,-0.710364183,-0.143982339,0.265340059,0.823290677
174030.2897,1.036192333,0.933984795,0.566997663,0.029022679,-0.552989511,-1.050194699,-1.064870287,-0.980690293,-0.936210307,-0.932518142,-0.95992331,-0.963217891,-0.943482527,-0.943339416,-0.975807742,-0.972815856,-0.97610185,-0.957223517,-0.972988929,-0.970150044,-0.979442088,-0.949679238,-0.971204753,-0.993666888,-0.982317079,-0.990697408,-0.988730231,-0.978258728,-0.957912694,-0.968916911,-0.93448074,-0.958964748,-0.963049258,-0.97080994,-0.929388475,-0.957890631,-0.931073445,-0.932906898,-0.945539148,-0.941158853,-0.957808486,-0.957519439,-1.036280506,-1.090304122,-0.697896218,-0.138273395,0.318292784,0.821462716
187730.299,1.031404025,0.931464927,0.567757668,0.034143903,-0.544459679,-1.022123787,-1.026736767,-0.943966382,-0.906358306,-0.906163541,-0.929827744,-0.932643557,-0.915872845,-0.91646151,-0.940597037,-0.939781985,-0.940595346,-0.925246788,-0.937200807,-0.932438927,-0.939525191,-0.911027325,-0.925392074,-0.944970827,-0.934725523,-0.945537543,-0.942331978,-0.937149989,-0.918863434,-0.930423119,-0.903794092,-0.926787299,-0.933584238,-0.937080808,-0.905727084,-0.931282457,-0.90993755,-0.904700543,-0.920876822,-0.909976601,-0.933762226,-0.930643127,-0.999195722,-1.065021828,-0.677519904,-0.127054268,0.377300155,0.820202595
203858.3042,1.027222482,0.927583018,0.56632307,0.030259955,-0.549228258,-1.021043709,-1.033570236,-0.952126903,-0.913070686,-0.913965592,-0.934176699,-0.93907044,-0.92553843,-0.927532797,-0.942471277,-0.941826542,-0.93953133,-0.927397126,-0.935723849,-0.931771058,-0.938034918,-0.91874079,-0.931401467,-0.951365863,-0.942730277,-0.952739539,-0.946743954,-0.943182657,-0.920933497,-0.929902133,-0.907734719,-0.929946126,-0.936048891,-0.941389496,-0.914329062,-0.942767867,-0.923075414,-0.918213469,-0.930502446,-0.918652496,-0.940907016,-0.942495153,-1.006473416,-1.070324923,-0.678122846,-0.128345616,0.405351519,0.817870595
219540.7748,1.02759276,0.929857512,0.56757384,0.033049248,-0.54800874,-1.011549256,-1.020160964,-0.936594578,-0.903098184,-0.903809462,-0.922941331,-0.927031489,-0.918141117,-0.918283261,-0.927939582,-0.923900242,-0.922006222,-0.910172947,-0.91737492,-0.911817145,-0.916838644,-0.897160596,-0.906863851,-0.921983135,-0.914995884,-0.924688086,-0.923960236,-0.921915998,-0.903271043,-0.909866568,-0.892841789,-0.911294557,-0.918913482,-0.921942553,-0.903580509,-0.930441745,-0.919792852,-0.912045169,-0.92269132,-0.907892572,-0.931019055,-0.928941286,-0.989308725,-1.060113373,-0.674779949,-0.1234247,0.424692607,0.822541832
234363.1588,1.025099636,0.928093227,0.566978665,0.032734265,-0.547358615,-1.005687631,-1.013950592,-0.932260139,-0.899668743,-0.901449444,-0.918730598,-0.923715173,-0.917510549,-0.915807137,-0.918801852,-0.91456235,-0.911758916,-0.90173377,-0.906805898,-0.901282896,-0.904733148,-0.888163067,-0.896066476,-0.909407613,-0.903709471,-0.913708781,-0.910137659,-0.90829625,-0.890473258,-0.896404054,-0.882552255,-0.900092509,-0.908962236,-0.910790304,-0.896040196,-0.923946907,-0.918225797,-0.910508716,-0.919137096,-0.903297968,-0.9264334,-0.925029986,-0.980075732,-1.054221117,-0.668742462,-0.121125631,0.451606093,0.821564262
251401.9064,1.0243178,0.926460402,0.56859122,0.032932115,-0.544572971,-0.99884975,-1.005150493,-0.925248892,-0.894356937,-0.897458157,-0.912700039,-0.920984215,-0.915987138,-0.910172753,-0.904580199,-0.901004929,-0.895909859,-0.888392605,-0.891720511,-0.887244832,-0.888946536,-0.875826773,-0.879082398,-0.890249763,-0.882942831,-0.893521259,-0.890895716,-0.893536556,-0.875088607,-0.881345244,-0.868727618,-0.885999469,-0.891540624,-0.895406379,-0.881824113,-0.913558777,-0.911833018,-0.908984084,-0.912951857,-0.897225075,-0.918022966,-0.917585604,-0.965539118,-1.046782822,-0.662144684,-0.118374555,0.469466279,0.821886903
266939.5178,1.022270961,0.925960674,0.567943367,0.033148537,-0.545711432,-0.99580966,-1.004191836,-0.924025407,-0.895026239,-0.897778623,-0.914395848,-0.923599552,-0.919100875,-0.905232483,-0.895028574,-0.890648147,-0.886497503,-0.879311015,-0.882310616,-0.87705537,-0.880181948,-0.868398575,-0.871881704,-0.88227829,-0.87643889,-0.8843595,-0.881941402,-0.883807663,-0.866369211,-0.870658377,-0.861490374,-0.876277605,-0.88419203,-0.885178968,-0.875680375,-0.905530209,-0.912642596,-0.913712112,-0.918467952,-0.898140434,-0.92017319,-0.918405867,-0.965604795,-1.045438622,-0.662679004,-0.117681574,0.481560499,0.822410267
283206.8797,1.021062913,0.925465513,0.568130215,0.032529861,-0.546334598,-0.996857727,-1.01152789,-0.931811923,-0.90146291,-0.905285707,-0.922166185,-0.933086864,-0.923357876,-0.902833338,-0.887607568,-0.883488994,-0.878620627,-0.872874445,-0.87477029,-0.870551746,-0.873220278,-0.864180499,-0.867544128,-0.877640011,-0.871162004,-0.880376649,-0.878178072,-0.881588968,-0.86213567,-0.86478975,-0.856723025,-0.871133565,-0.877012301,-0.878375754,-0.869951904,-0.900754092,-0.912338645,-0.923125482,-0.929458211,-0.907326139,-0.926333271,-0.926477732,-0.970925764,-1.050273324,-0.66593212,-0.120364102,0.488875188,0.821894686
298258.9596,1.019800866,0.924546139,0.569911695,0.036831595,-0.537837724,-0.982899716,-0.991988596,-0.91372904,-0.886190244,-0.891387603,-0.909895651,-0.921440283,-0.902083099,-0.875669584,-0.858365898,-0.855121137,-0.849892148,-0.845401546,-0.846629047,-0.842808606,-0.844615508,-0.836531909,-0.837142121,-0.845245727,-0.838292245,-0.847135102,-0.845691353,-0.850609838,-0.832693028,-0.83631078,-0.829269168,-0.842931594,-0.84878999,-0.850767781,-0.842610253,-0.872992769,-0.886964504,-0.908336084,-0.919830037,-0.897042157,-0.912197269,-0.911783011,-0.951703975,-1.036940876,-0.656429297,-0.115169348,0.495058893,0.822080026
314182.5998,1.016062639,0.924593633,0.576536043,0.052120312,-0.512500468,-0.945100674,-0.943850504,-0.869836921,-0.847046781,-0.853513685,-0.874654147,-0.881505163,-0.851657631,-0.822520011,-0.80521166,-0.802668009,-0.797579357,-0.793934533,-0.795080864,-0.791296286,-0.792384268,-0.784258526,-0.783373464,-0.790338682,-0.784799612,-0.794213866,-0.792904717,-0.798174551,-0.782364945,-0.785272231,-0.778943032,-0.791123933,-0.796381187,-0.797643493,-0.789839157,-0.817793226,-0.832191434,-0.859900062,-0.88467353,-0.862293605,-0.873465069,-0.870629508,-0.900470585,-1.000560887,-0.636737724,-0.105584934,0.499717561,0.821057577
329861.6068,1.014300415,0.921749192,0.568965689,0.038382635,-0.535834943,-0.976500946,-0.991512398,-0.911952902,-0.886662611,-0.893243353,-0.918286215,-0.916804782,-0.874248038,-0.839269941,-0.820252756,-0.816476903,-0.811899196,-0.807964234,-0.809373263,-0.805342749,-0.807664164,-0.800116249,-0.799715164,-0.804116548,-0.799080243,-0.808020507,-0.809155398,-0.814198393,-0.798134315,-0.799488544,-0.795084195,-0.805849458,-0.812539374,-0.812383491,-0.807577936,-0.834607541,-0.854906885,-0.891317306,-0.931545262,-0.908234786,-0.917279045,-0.915410568,-0.955351371,-1.03678256,-0.65998658,-0.116522471,0.49660187,0.821430756
337002.8573,1.014114412,0.921514696,0.570007781,0.041640186,-0.528984426,-0.964617353,-0.973217135,-0.896389961,-0.873185049,-0.880707807,-0.906330317,-0.899305881,-0.852738665,-0.817364109,-0.79809337,-0.795027242,-0.790495487,-0.78691086,-0.788629297,-0.784878334,-0.788232576,-0.781946962,-0.780519374,-0.783141145,-0.776345181,-0.785186644,-0.787241264,-0.794044378,-0.7790417,-0.779567672,-0.774944562,-0.784902371,-0.790971572,-0.790748782,-0.786231847,-0.812881254,-0.832984572,-0.870765059,-0.918180972,-0.897806452,-0.905362074,-0.902149368,-0.940046673,-1.024278207,-0.65149541,-0.111422299,0.501005983,0.822383968
344716.7247,1.014009215,0.920859622,0.571833543,0.046508072,-0.517970274,-0.946225934,-0.942870678,-0.869983961,-0.850122626,-0.860525274,-0.886679627,-0.869726836,-0.818537792,-0.78504599,-0.76628811,-0.764215157,-0.759451808,-0.756693813,-0.758148759,-0.755361534,-0.758876099,-0.754095151,-0.750902126,-0.751854841,-0.744173333,-0.754209201,-0.757378971,-0.76566104,-0.750602282,-0.750829557,-0.745448073,-0.755561791,-0.760971268,-0.761690516,-0.755619439,-0.782731373,-0.800890325,-0.840946271,-0.895907146,-0.882269438,-0.88516298,-0.882117584,-0.914120343,-1.006188406,-0.638563997,-0.104604702,0.504698458,0.822789608
353037.446,1.011703413,0.918839934,0.568706288,0.042992165,-0.52381331,-0.95457943,-0.960581705,-0.884477027,-0.863643999,-0.874309403,-0.901103473,-0.873733784,-0.816319756,-0.780334071,-0.760334935,-0.756863668,-0.752301675,-0.749037859,-0.750514377,-0.747624121,-0.752392391,-0.747839476,-0.744202817,-0.743407706,-0.735482809,-0.745346104,-0.750664989,-0.759167671,-0.744175724,-0.743805502,-0.73919476,-0.748536905,-0.754473864,-0.754247997,-0.751161542,-0.777815866,-0.799334614,-0.844046293,-0.91043578,-0.900615319,-0.902888846,-0.900232182,-0.939048028,-1.018665541,-0.647197632,-0.108088939,0.49893775,0.822285671
360691.5827,1.009986861,0.917896859,0.568206212,0.041783001,-0.526188305,-0.959959845,-0.976636514,-0.898603578,-0.874601067,-0.886037215,-0.910108389,-0.872536848,-0.807132894,-0.76828295,-0.74678118,-0.742637587,-0.737614857,-0.734576902,-0.735545188,-0.732668188,-0.73719678,-0.733457058,-0.728006975,-0.725223724,-0.717588559,-0.729853088,-0.737194458,-0.746598029,-0.731977899,-0.731582351,-0.727587362,-0.737860519,-0.743794056,-0.745379626,-0.743708495,-0.774033425,-0.800379188,-0.857244503,-0.936020296,-0.935577754,-0.937291089,-0.939552296,-0.987408155,-1.044925553,-0.662809762,-0.117946144,0.491633015,0.818838619
363934.948,1.01004267,0.917935081,0.567432468,0.041584362,-0.526454188,-0.958344445,-0.971878783,-0.894072619,-0.871893508,-0.882988551,-0.907458891,-0.867352568,-0.802839501,-0.764059585,-0.74359482,-0.738937212,-0.734429764,-0.730823142,-0.732018885,-0.728632137,-0.733072288,-0.728598792,-0.723325741,-0.71897739,-0.710227581,-0.720995567,-0.729037473,-0.738729383,-0.72515494,-0.724352975,-0.720761176,-0.730132955,-0.736942567,-0.737227723,-0.736190799,-0.763890301,-0.789384893,-0.841076369,-0.919945648,-0.918881393,-0.920675905,-0.919416714,-0.963138764,-1.030796396,-0.655418295,-0.112466744,0.493160627,0.820744397
368326.937,1.008118312,0.915995846,0.563986586,0.033305017,-0.541148524,-0.982711511,-1.014521495,-0.933903337,-0.905488012,-0.91589349,-0.938778108,-0.893317606,-0.821211206,-0.7779206,-0.754258949,-0.748607354,-0.743131544,-0.739551625,-0.739492382,-0.736190963,-0.739388518,-0.734772509,-0.728406365,-0.723287855,-0.71423271,-0.727043301,-0.737218123,-0.747632912,-0.734414262,-0.734970307,-0.732062453,-0.742857592,-0.749353108,-0.751606758,-0.752041538,-0.78516309,-0.817541444,-0.882927249,-0.969972727,-0.971860574,-0.974877356,-0.980812361,-1.034238904,-1.075243817,-0.683803303,-0.130315575,0.483034999,0.816086461
371917.1028,1.005062892,0.913319804,0.558135062,0.021157248,-0.563713931,-1.019781615,-1.079082089,-0.996346381,-0.9583641,-0.965554058,-0.988299896,-0.941308535,-0.860091033,-0.808941736,-0.78040835,-0.771898648,-0.765761706,-0.761337359,-0.760101454,-0.755930367,-0.757154704,-0.751821336,-0.74590636,-0.74117151,-0.733457064,-0.747797602,-0.758242408,-0.767544883,-0.754686729,-0.757391578,-0.756225749,-0.768452352,-0.776146068,-0.779076276,-0.783865875,-0.823333805,-0.866858259,-0.947810884,-1.04304673,-1.043457186,-1.051051547,-1.064752167,-1.128788693,-1.133838633,-0.723016839,-0.153941115,0.468866474,0.810028283
375220.0388,1.002600341,0.911392069,0.553858578,0.009591359,-0.586353277,-1.059738007,-1.151429267,-1.074000659,-1.025335342,-1.026595307,-1.046549964,-1.002008317,-0.91316511,-0.850875429,-0.813056941,-0.799657292,-0.79177371,-0.786641888,-0.782921035,-0.777802267,-0.776107282,-0.771230717,-0.765649545,-0.761753165,-0.754029947,-0.768619666,-0.778414959,-0.787838794,-0.776672249,-0.78294536,-0.783352,-0.798377062,-0.807525176,-0.813377021,-0.824621939,-0.878202926,-0.939155629,-1.038324036,-1.138547716,-1.141175002,-1.15514524,-1.180422144,-1.246392673,-1.205909168,-0.77030333,-0.183077794,0.452567953,0.802298588
375626.0632,1.002149141,0.911301567,0.55463528,0.012438265,-0.580735712,-1.049736299,-1.134388558,-1.054868921,-1.008489001,-1.011312655,-1.032305549,-0.985926374,-0.898114752,-0.838332782,-0.803072728,-0.791215123,-0.784006164,-0.779085805,-0.776024357,-0.771213118,-0.770208294,-0.764550552,-0.758820574,-0.754376742,-0.74626615,-0.760760657,-0.770917081,-0.781006145,-0.769359176,-0.774479395,-0.774628595,-0.78883995,-0.79744868,-0.802140764,-0.811980709,-0.861363521,-0.918560803,-1.014398574,-1.116495765,-1.118140278,-1.130377772,-1.152780651,-1.219077919,-1.190062849,-0.760702942,-0.177483801,0.454735736,0.803130224
377487.1301,1.001293277,0.910763292,0.551151854,0.001889958,-0.602030439,-1.086695146,-1.199840675,-1.125759453,-1.072567474,-1.06973948,-1.087684773,-1.042896626,-0.949946852,-0.880945653,-0.83683929,-0.818958587,-0.809429738,-0.803328058,-0.798504631,-0.792414889,-0.788835727,-0.78358738,-0.778879749,-0.775077293,-0.767205232,-0.783349213,-0.793978485,-0.804312533,-0.793407672,-0.800434138,-0.801823512,-0.818289858,-0.828542534,-0.835506916,-0.852044287,-0.914669273,-0.987620138,-1.096980794,-1.201905598,-1.20512174,-1.223824818,-1.253874322,-1.320911281,-1.252581765,-0.801761461,-0.201866228,0.440943124,0.798005516
380158.5998,0.9991092,0.906968587,0.541377745,-0.018672291,-0.639031051,-1.147044853,-1.303467158,-1.24124151,-1.179137319,-1.166385486,-1.179494732,-1.136831432,-1.036955816,-0.950938355,-0.890485923,-0.862473572,-0.849332695,-0.840829133,-0.831538183,-0.823649442,-0.817046249,-0.810381395,-0.805563969,-0.801594296,-0.793618868,-0.810443107,-0.822160729,-0.8318661,-0.823283959,-0.833743911,-0.837095903,-0.85649882,-0.869751489,-0.880224363,-0.905912369,-0.983936228,-1.074676187,-1.19914801,-1.305122713,-1.309364663,-1.336945196,-1.376923155,-1.440659024,-1.32357779,-0.846170317,-0.227208064,0.427002118,0.792771277
382129.5168,0.998236798,0.907186704,0.53833781,-0.028089104,-0.660176461,-1.184419977,-1.372411427,-1.318719788,-1.253234476,-1.232783826,-1.241643646,-1.201085601,-1.099903651,-1.003726312,-0.931272097,-0.893668688,-0.877568635,-0.866854526,-0.854214319,-0.844124396,-0.835500851,-0.828887063,-0.824262189,-0.819043582,-0.81104323,-0.829601215,-0.842035756,-0.851723531,-0.842873442,-0.85554754,-0.861765049,-0.884540377,-0.900860991,-0.913738817,-0.950992321,-1.042855707,-1.148623391,-1.283113715,-1.392865153,-1.39953166,-1.43499805,-1.478166527,-1.538866602,-1.384559857,-0.887436989,-0.250993135,0.413240623,0.788349139
383885.8043,0.99690096,0.905499961,0.534306838,-0.036466111,-0.675357415,-1.209694369,-1.416868515,-1.370316769,-1.30454825,-1.280696724,-1.28629588,-1.245603192,-1.14190367,-1.038705287,-0.958912659,-0.915038713,-0.896169203,-0.883469845,-0.866904166,-0.855174636,-0.844896222,-0.836991709,-0.831253272,-0.824813766,-0.818396558,-0.837178197,-0.849982825,-0.861816276,-0.854579631,-0.869359984,-0.87784901,-0.905005884,-0.92380522,-0.938470107,-0.979948743,-1.079576444,-1.193618283,-1.331525449,-1.440125856,-1.448697994,-1.489184343,-1.533523301,-1.588916287,-1.41386902,-0.90589176,-0.261549035,0.407416502,0.786085406
385126.2484,0.996404209,0.902596821,0.524777744,-0.057414782,-0.712926172,-1.270580984,-1.519028679,-1.489316971,-1.423170104,-1.389615208,-1.386264537,-1.347812878,-1.24449381,-1.128129947,-1.026299324,-0.965817656,-0.940129747,-0.923682899,-0.900960008,-0.886108936,-0.871375441,-0.86381358,-0.858616705,-0.848494204,-0.839210717,-0.861793637,-0.878404965,-0.891351871,-0.886422398,-0.901432689,-0.91234593,-0.944011516,-0.967197491,-0.988204656,-1.046062388,-1.168078046,-1.298702801,-1.441715944,-1.543351243,-1.555188651,-1.606262349,-1.655077524,-1.698704172,-1.478175908,-0.944407586,-0.282307825,0.398804324,0.783460699
386812.5507,0.994952808,0.899540813,0.516450373,-0.07639658,-0.74802251,-1.330182912,-1.621521266,-1.611839539,-1.553976059,-1.515867408,-1.502380895,-1.462207004,-1.364106489,-1.242389543,-1.121647686,-1.040850509,-1.005320785,-0.98216092,-0.944604134,-0.92224906,-0.900048019,-0.89076085,-0.882615558,-0.868726131,-0.854572672,-0.881279508,-0.901128786,-0.915803277,-0.910714669,-0.932970508,-0.952570085,-1.000897755,-1.034476175,-1.067298807,-1.149265811,-1.294311406,-1.433032538,-1.573021521,-1.666465514,-1.685923175,-1.745172655,-1.7893112,-1.813431515,-1.547614323,-0.987203751,-0.306912713,0.386847782,0.778310053
387919.7989,0.994519395,0.898632045,0.51394307,-0.082069021,-0.758497965,-1.347394891,-1.651370182,-1.647732559,-1.59087113,-1.548975037,-1.531651262,-1.492544687,-1.395810369,-1.269432317,-1.140278604,-1.053435594,-1.014815328,-0.989863343,-0.950403234,-0.928611898,-0.906965462,-0.896877805,-0.888128124,-0.872600126,-0.856943108,-0.884304422,-0.906492867,-0.922662289,-0.917528259,-0.937460068,-0.95581645,-1.003937333,-1.039059102,-1.074555315,-1.165932941,-1.323772266,-1.469356087,-1.607588664,-1.69694255,-1.718658187,-1.782575609,-1.826152249,-1.845229237,-1.566143601,-0.998401324,-0.312988574,0.384074175,0.777205147
390584.0572,0.99328998,0.89382877,0.498753545,-0.114213337,-0.816530274,-1.441865234,-1.808914792,-1.835607405,-1.801624197,-1.759673003,-1.729135139,-1.68288128,-1.596565783,-1.468004622,-1.312866764,-1.191612367,-1.133994177,-1.094221978,-1.017514576,-0.973270362,-0.930560843,-0.917168714,-0.905600008,-0.882906377,-0.862723449,-0.897036044,-0.925700106,-0.94536564,-0.941510004,-0.981256432,-1.022929952,-1.107994402,-1.163153265,-1.215754866,-1.340210037,-1.520354157,-1.66620733,-1.790694866,-1.87459866,-1.904540947,-1.97342457,-2.000520781,-1.991757343,-1.651937133,-1.049866134,-0.33944302,0.37222655,0.774593552
393026.3116,0.992983699,0.891605305,0.488910556,-0.136901287,-0.859745322,-1.514159703,-1.930895514,-1.98128446,-1.970593245,-1.937394475,-1.900151585,-1.845518357,-1.76705864,-1.645310782,-1.479709696,-1.330084735,-1.253766305,-1.197827128,-1.078371198,-1.007525995,-0.938884803,-0.921975548,-0.906145692,-0.877448992,-0.854430658,-0.895740237,-0.929214385,-0.948831248,-0.947971781,-1.013938698,-1.084816485,-1.216331879,-1.295673198,-1.366120763,-1.526654568,-1.72291567,-1.860710962,-1.967707937,-2.047652962,-2.085868519,-2.153978643,-2.158874064,-2.123877587,-1.730317263,-1.098019573,-0.364311457,0.360250108,0.771900046
396723.4228,0.98842258,0.884100582,0.464840675,-0.192933744,-0.965321216,-1.693894349,-2.233761922,-2.338848109,-2.400986814,-2.431625449,-2.413579655,-2.327365179,-2.250681808,-2.167357598,-2.025638196,-1.884110866,-1.766963357,-1.660511519,-1.310900504,-1.081051945,-0.804301897,-0.764136865,-0.747267532,-0.712998678,-0.687149106,-0.721215534,-0.739219697,-0.749161936,-0.759492914,-1.067268696,-1.288199189,-1.707539802,-1.877253168,-1.995987313,-2.173781892,-2.312623655,-2.387566683,-2.47908928,-2.570566734,-2.599734766,-2.619220116,-2.556614021,-2.45808345,-1.938891514,-1.228610242,-0.439131675,0.322475973,0.758944208
398265.315,0.891404822,0.980668168,0.772415782,0.335063119,-0.202922099,-0.683083989,-0.900789992,-0.865465304,-0.770445892,-0.746897306,-0.755934149,-0.772966039,-0.723136054,-0.657815026,-0.619278374,-0.605432509,-0.597581383,-0.592442142,-0.588949218,-0.584350391,-0.58468966,-0.579503614,-0.569833529,-0.562826419,-0.558868505,-0.568530975,-0.562815556,-0.560275469,-0.583339995,-1.191210001,-1.566518154,-1.919094593,-2.401709224,-2.910963492,-3.006656274,-3.046236459,-3.115836387,-3.256336047,-3.382210123,-3.418540105,-3.4372108,-3.366101257,-3.260382937,-2.696885613,-1.91692562,-1.011539926,-0.111298897,0.481273728
401975.5982,0.893508439,0.980550074,0.771319319,0.334028556,-0.202139536,-0.67859868,-0.89000763,-0.851569512,-0.758347335,-0.737303649,-0.747262092,-0.763026466,-0.707601451,-0.642400211,-0.604496743,-0.591526243,-0.583620558,-0.578872291,-0.575164524,-0.570665134,-0.57013329,-0.563957769,-0.554638005,-0.548573304,-0.544968667,-0.553565635,-0.548373298,-0.547059991,-0.568060799,-1.146021119,-1.524174428,-1.863690896,-2.294733224,-2.839705403,-2.974643026,-3.012683269,-3.078085118,-3.217331844,-3.344275118,-3.382965202,-3.403514092,-3.334801406,-3.230502949,-2.673161755,-1.89782426,-0.99804656,-0.101711811,0.486389328
404726.3598,0.895273127,0.979478425,0.769716911,0.333480134,-0.199116527,-0.669824908,-0.870843964,-0.827559291,-0.737083093,-0.720371835,-0.731968974,-0.744701973,-0.683552131,-0.622094022,-0.585592327,-0.573386934,-0.565690711,-0.561416653,-0.558036666,-0.553697729,-0.552299587,-0.545736842,-0.536446189,-0.532410054,-0.527573014,-0.536201221,-0.531666194,-0.531475529,-0.548762787,-1.087747639,-1.466280651,-1.799714136,-2.176007473,-2.731762608,-2.934149521,-2.970289756,-3.030477034,-3.167354301,-3.296143486,-3.338284595,-3.360761238,-3.295176901,-3.193117447,-2.643512087,-1.874789882,-0.982027001,-0.091348914,0.491598687
406967.1108,0.896984046,0.978482265,0.766506992,0.330814284,-0.199386292,-0.663837208,-0.853886324,-0.804717874,-0.71895582,-0.705693377,-0.719409283,-0.727374386,-0.662087065,-0.602193963,-0.567817735,-0.556302854,-0.549051262,-0.544727928,-0.541970932,-0.537691837,-0.537078477,-0.530308987,-0.520738235,-0.516607974,-0.511484443,-0.520044871,-0.516506132,-0.515668912,-0.529487944,-1.024600267,-1.402862472,-1.735342365,-2.059334255,-2.602266171,-2.891827524,-2.924583652,-2.980249915,-3.113190606,-3.244760889,-3.289641905,-3.315467292,-3.252055321,-3.153573763,-2.610822186,-1.849752705,-0.963150255,-0.079624703,0.499050672
411727.9651,0.905473962,0.974471119,0.750360368,0.304534338,-0.232625592,-0.700933973,-0.891758704,-0.843391882,-0.762222968,-0.747038185,-0.761333905,-0.757795697,-0.679183104,-0.610537089,-0.568187717,-0.552050173,-0.543211889,-0.538116726,-0.533253719,-0.528098039,-0.525601819,-0.518958054,-0.507378891,-0.499888258,-0.493729626,-0.501969275,-0.498577484,-0.497343591,-0.510569373,-1.007292608,-1.378451943,-1.714490095,-2.046602716,-2.562624395,-2.846523713,-2.879784909,-2.935678509,-3.06815222,-3.196825842,-3.239951737,-3.263477604,-3.199360282,-3.099592872,-2.557724143,-1.799924876,-0.920994395,-0.048197062,0.520194759
414497.6708,0.910452332,0.971142962,0.737588107,0.282834436,-0.263836169,-0.740905735,-0.944223603,-0.902207748,-0.822137405,-0.800930508,-0.813236137,-0.804050259,-0.718290833,-0.637900147,-0.585361661,-0.562898419,-0.55238984,-0.545736547,-0.539070566,-0.532235306,-0.528112489,-0.520386312,-0.5082753,-0.497715083,-0.490312293,-0.498871013,-0.495290164,-0.493506841,-0.509511961,-1.038155525,-1.405909305,-1.748195187,-2.120717977,-2.620958999,-2.838617158,-2.873844905,-2.93537557,-3.068510528,-3.193198148,-3.231498737,-3.251187525,-3.183683913,-3.081586293,-2.534159496,-1.775320563,-0.897476488,-0.030478156,0.533513681
416722.6233,0.914315356,0.968230329,0.726964123,0.263866042,-0.29179515,-0.778890117,-0.997290606,-0.963663009,-0.883259037,-0.855426016,-0.86569977,-0.854847392,-0.76243603,-0.668433989,-0.605989822,-0.577468668,-0.563997733,-0.555517316,-0.545536363,-0.537198371,-0.529428812,-0.52254772,-0.511248212,-0.499899652,-0.490082615,-0.497311649,-0.494146906,-0.491535769,-0.509896194,-1.071166277,-1.433446081,-1.781114977,-2.196878808,-2.664496285,-2.834852374,-2.872440115,-2.938328842,-3.072282998,-3.192874807,-3.227598627,-3.243956649,-3.173994875,-3.069711619,-2.518202421,-1.757571946,-0.880516368,-0.017315278,0.543541466
420015.3765,0.970590778,0.856413161,0.427330683,-0.241843141,-1.030374116,-1.777277853,-2.349922062,-2.473580398,-2.558125631,-2.611910701,-2.617416192,-2.524634665,-2.412434052,-2.312998711,-2.264954222,-2.270532052,-2.191935959,-1.777437202,-1.150146573,-0.877062847,-0.329449624,-0.288094935,-0.288990606,-0.293374489,-0.286730095,-0.294910702,-0.293903827,-0.294093241,-0.312894543,-0.803821331,-1.094208161,-1.423405469,-1.986439265,-2.27823742,-2.272444699,-2.305755986,-2.369608131,-2.491184648,-2.590776588,-2.611757823,-2.615951591,-2.542725426,-2.437966877,-1.915789793,-1.210649467,-0.427061766,0.320059951,0.751114399
422312.4928,0.971110213,0.856480048,0.427720667,-0.241738954,-1.030140417,-1.777735548,-2.349947023,-2.473924811,-2.558154302,-2.612186275,-2.617372197,-2.524928372,-2.412541443,-2.313376028,-2.265005647,-2.270550639,-2.189668573,-1.767758598,-1.148254796,-0.87438374,-0.325905554,-0.285720311,-0.286218912,-0.290311668,-0.28407203,-0.292393162,-0.291420849,-0.291795841,-0.311173415,-0.80727901,-1.09761927,-1.424540919,-1.987653993,-2.279858439,-2.2729522,-2.30695826,-2.370715679,-2.493087493,-2.591528874,-2.612977104,-2.615933598,-2.543158306,-2.437741834,-1.915911557,-1.210405936,-0.427003944,0.319520538,0.7512853
426797.0064,0.971049059,0.856565171,0.427480513,-0.241898799,-1.031086218,-1.77875448,-2.352169151,-2.476065683,-2.561055599,-2.615224873,-2.621489224,-2.52936762,-2.418401955,-2.317954166,-2.268500682,-2.273471312,-2.185929987,-1.761290214,-1.156688586,-0.88073249,-0.325302203,-0.283543087,-0.28417092,-0.288021837,-0.282090737,-0.290008493,-0.288960858,-0.289227864,-0.309270513,-0.811264776,-1.104571108,-1.424465883,-1.97696768,-2.280330067,-2.275594337,-2.309480636,-2.37512369,-2.496608482,-2.595063579,-2.615099317,-2.618060373,-2.544158021,-2.439412322,-1.916103721,-1.211410938,-0.426596399,0.317908087,0.752215541
431910.1912,0.970715026,0.85644698,0.427376886,-0.242281274,-1.031787676,-1.779618772,-2.354562902,-2.478579788,-2.563890351,-2.618769466,-2.625925853,-2.534334533,-2.424318518,-2.322827417,-2.271968001,-2.276531943,-2.182391067,-1.752846072,-1.163382217,-0.884278365,-0.322744319,-0.281346012,-0.281853227,-0.28553036,-0.279106087,-0.286604943,-0.28610296,-0.286246703,-0.306526318,-0.816501058,-1.112987558,-1.426138193,-1.973070794,-2.283570544,-2.279484332,-2.31415143,-2.381522801,-2.502983144,-2.600427089,-2.619493697,-2.621347435,-2.547276232,-2.442024242,-1.917621718,-1.212643521,-0.426998685,0.316565588,0.75256903
435576.8379,0.971063109,0.856550295,0.427633017,-0.242567482,-1.031794243,-1.780284242,-2.35486209,-2.479073833,-2.564084529,-2.619128676,-2.625745089,-2.534118694,-2.42400242,-2.323017124,-2.27171017,-2.276072356,-2.158888376,-1.726540974,-1.15938926,-0.87700581,-0.31875707,-0.279037233,-0.279232367,-0.282463749,-0.276325127,-0.284684956,-0.284126988,-0.284217401,-0.303867844,-0.815069434,-1.113611392,-1.421844694,-1.952305962,-2.279985095,-2.28024968,-2.315987663,-2.382848279,-2.504808404,-2.601136391,-2.62124581,-2.622219438,-2.548731937,-2.442845,-1.918698803,-1.213210966,-0.427720584,0.315848941,0.752417135
438320.2654,0.970151292,0.856204301,0.427194351,-0.242154852,-1.031282949,-1.778901292,-2.353630537,-2.47757026,-2.563042928,-2.617804149,-2.625111167,-2.533536967,-2.424103438,-2.322562029,-2.271075081,-2.275620634,-2.155514561,-1.71814236,-1.161684448,-0.877392126,-0.318560199,-0.278112849,-0.277962975,-0.281518439,-0.275978314,-0.283437392,-0.282441092,-0.282798042,-0.303897968,-0.818255239,-1.11745634,-1.422404305,-1.948570858,-2.279187994,-2.27989001,-2.3149009,-2.383213468,-2.504373965,-2.600842035,-2.619911698,-2.621047096,-2.546869255,-2.44176013,-1.916962217,-1.212730725,-0.426930016,0.314547902,0.752342343
445852.3404,0.970806,0.856519617,0.427628221,-0.242505341,-1.032077737,-1.780424876,-2.356316697,-2.480494054,-2.565936173,-2.621199405,-2.628518369,-2.537235378,-2.428679519,-2.326703647,-2.273579711,-2.277388803,-2.118090205,-1.678827184,-1.158742974,-0.8653998,-0.313745147,-0.27608053,-0.27583594,-0.278579441,-0.272198664,-0.280446475,-0.2797186,-0.280121424,-0.300111856,-0.817485149,-1.122866449,-1.418854474,-1.920531224,-2.278207633,-2.28430288,-2.320957418,-2.389881866,-2.511695972,-2.606478572,-2.625720797,-2.625238261,-2.551351892,-2.445036187,-1.91974884,-1.214314151,-0.427837107,0.313669697,0.752752539
453851.3146,0.969933304,0.855924815,0.427141532,-0.242221496,-1.031977583,-1.779127137,-2.3549409,-2.478331726,-2.563774732,-2.618857987,-2.625827637,-2.534031983,-2.42575855,-2.323936694,-2.270800236,-2.272741597,-2.065028811,-1.623572733,-1.146566179,-0.842797871,-0.307614019,-0.272437976,-0.272073581,-0.273453091,-0.26708088,-0.275454253,-0.275758363,-0.275971489,-0.294942123,-0.806694618,-1.11892058,-1.40506686,-1.874998468,-2.263940706,-2.283091175,-2.319469592,-2.389344791,-2.51038545,-2.605349035,-2.623811668,-2.623651736,-2.549293246,-2.4439539,-1.918191048,-1.214094135,-0.427033638,0.311894504,0.753110554
462029.1533,0.970246861,0.856616322,0.428123843,-0.240369796,-1.029396874,-1.774901818,-2.349227063,-2.471634132,-2.556193761,-2.609907822,-2.615482328,-2.522233707,-2.413373713,-2.3133643,-2.261246184,-2.255068544,-1.962017258,-1.540201336,-1.115910194,-0.797556373,-0.299260268,-0.268163307,-0.267223559,-0.267635244,-0.261691843,-0.269899351,-0.270637387,-0.271201853,-0.288399705,-0.780384108,-1.10166257,-1.379467656,-1.794737036,-2.230371909,-2.278471081,-2.313954334,-2.383031002,-2.503847766,-2.59936509,-2.618796956,-2.619194712,-2.545185569,-2.440556256,-1.915930924,-1.213171261,-0.426301735,0.311247804,0.753815749
474366.4232,0.970051553,0.856626521,0.429533961,-0.236865537,-1.022818431,-1.763962297,-2.332577812,-2.452322225,-2.53362608,-2.58381178,-2.584837896,-2.487470127,-2.376120246,-2.282193856,-2.234006604,-2.172330535,-1.741929037,-1.398472239,-1.035349446,-0.697885012,-0.284093583,-0.260959066,-0.260030924,-0.258400816,-0.250990098,-0.260663767,-0.263941614,-0.264191611,-0.275371632,-0.69879315,-1.035190258,-1.316882146,-1.618302138,-2.096176242,-2.258107537,-2.29141372,-2.355210665,-2.475848678,-2.574331319,-2.597283721,-2.600093577,-2.528960714,-2.426403895,-1.906948535,-1.208210614,-0.42352707,0.310854742,0.754400536
485273.2984,0.969694032,0.856436605,0.430325803,-0.234632023,-1.018379326,-1.756237831,-2.320361758,-2.43779463,-2.51684786,-2.564012643,-2.561644245,-2.46122419,-2.348869381,-2.259721695,-2.214147721,-2.060924148,-1.598231728,-1.323118326,-0.977685715,-0.640147242,-0.276257994,-0.255980785,-0.256199905,-0.253030636,-0.245414868,-0.255216641,-0.259739568,-0.258649503,-0.264742242,-0.629165148,-0.969604218,-1.26638659,-1.485326849,-1.927838561,-2.237446459,-2.268375716,-2.327337276,-2.447226735,-2.548549542,-2.575265095,-2.580298573,-2.512021923,-2.411734977,-1.897289609,-1.202588808,-0.420027339,0.311259282,0.755220462
501277.5986,0.97058649,0.857577639,0.432219309,-0.231720402,-1.014060745,-1.749155734,-2.309571723,-2.424913512,-2.501301117,-2.545256786,-2.538631048,-2.434960364,-2.322117159,-2.238354427,-2.193779851,-1.852329401,-1.442806087,-1.2415963,-0.877383847,-0.552135156,-0.273296301,-0.256026029,-0.254982324,-0.249671256,-0.241128247,-0.253037021,-0.258773668,-0.257567516,-0.262570183,-0.596382098,-0.933520399,-1.250788964,-1.430705089,-1.792144682,-2.228211322,-2.261405803,-2.319427568,-2.4386175,-2.53963097,-2.5678028,-2.573161488,-2.506108137,-2.406517464,-1.894056443,-1.200940722,-0.418882944,0.310890486,0.756475525
516581.2759,0.970906519,0.858211517,0.434177111,-0.228104135,-1.008158668,-1.739045512,-2.294029733,-2.406215872,-2.479319124,-2.518259991,-2.505427812,-2.396091938,-2.280530816,-2.204982053,-2.162801912,-1.636006293,-1.286868785,-1.128469344,-0.738164816,-0.4454344,-0.270605896,-0.260008467,-0.258072469,-0.249241346,-0.239274459,-0.252681197,-0.261232514,-0.261328553,-0.261944327,-0.485022185,-0.795037877,-1.152351928,-1.315296712,-1.582861178,-2.190347106,-2.236885935,-2.287872291,-2.405839062,-2.512246379,-2.545769922,-2.555183847,-2.491671485,-2.394532967,-1.887766103,-1.197966816,-0.417211296,0.31064912,0.75717689
532012.1746,0.971235381,0.859500766,0.436317652,-0.224233177,-1.002787344,-1.730384511,-2.280980051,-2.390054685,-2.460668822,-2.494777483,-2.476756618,-2.36227054,-2.246343954,-2.177571938,-2.125659272,-1.446725717,-1.178566907,-1.026489826,-0.611163847,-0.38304253,-0.275576309,-0.267260889,-0.264111713,-0.252816385,-0.241582787,-0.254659322,-0.265480384,-0.266867225,-0.265020162,-0.42466118,-0.690810422,-1.071573534,-1.240674278,-1.445802587,-2.131648109,-2.219899404,-2.266699402,-2.382162118,-2.492843947,-2.530310734,-2.543193922,-2.481938398,-2.387319519,-1.884046455,-1.197533297,-0.416473495,0.309592829,0.758151898
547198.7285,0.971783309,0.86096518,0.439666923,-0.219021002,-0.994940495,-1.71822897,-2.262159496,-2.367746625,-2.434165802,-2.462877545,-2.437441368,-2.317447147,-2.20193046,-2.14215441,-2.022640623,-1.269610701,-1.051070923,-0.882397544,-0.478047446,-0.344082285,-0.283163141,-0.279555754,-0.274420471,-0.260251216,-0.248863168,-0.26414494,-0.277800246,-0.280784783,-0.27651443,-0.3706571,-0.555536269,-0.940533596,-1.133761542,-1.306034322,-1.985994769,-2.196758573,-2.237169735,-2.349526584,-2.46470104,-2.508209491,-2.525325344,-2.46804218,-2.376200232,-1.878858875,-1.195621231,-0.416151667,0.308791104,0.758441498
563206.8063,0.972315921,0.861553236,0.44081751,-0.216475267,-0.990566174,-1.710154242,-2.248679346,-2.351112523,-2.414145746,-2.43807265,-2.407315175,-2.282924284,-2.16966777,-2.116274973,-1.868453578,-1.167838918,-0.951733592,-0.768921615,-0.413786958,-0.331652289,-0.288564823,-0.285030954,-0.278003948,-0.263347733,-0.252898076,-0.267931524,-0.282636724,-0.288260339,-0.28300957,-0.340295608,-0.457405881,-0.810435989,-1.025977037,-1.196496393,-1.793402604,-2.16673681,-2.201560871,-2.309050532,-2.42842801,-2.477143552,-2.499033636,-2.445331849,-2.357074572,-1.866509466,-1.188665783,-0.411525104,0.310394354,0.760237095
578987.8611,0.972687831,0.861924043,0.441462681,-0.215059964,-0.988073077,-1.705030278,-2.239977181,-2.340293365,-2.400750658,-2.421122519,-2.386429114,-2.258821795,-2.147947132,-2.099248992,-1.710148228,-1.09696224,-0.868798121,-0.67969283,-0.384536506,-0.331901159,-0.296219665,-0.293213628,-0.285005163,-0.269562427,-0.259277646,-0.274126678,-0.289947265,-0.296606883,-0.291052939,-0.33363423,-0.411360277,-0.711027824,-0.938314119,-1.121839736,-1.632460996,-2.149759154,-2.181122894,-2.284869833,-2.407020106,-2.459737107,-2.484677672,-2.43330497,-2.347077057,-1.860223007,-1.184985707,-0.408786752,0.311459087,0.761718173
594071.55,0.973372902,0.862503293,0.442474075,-0.213685624,-0.985981577,-1.701445261,-2.233210784,-2.332066123,-2.39023062,-2.407652887,-2.369166083,-2.239080743,-2.130859513,-2.085686107,-1.544435398,-1.024070182,-0.780791887,-0.597144192,-0.373688281,-0.339477469,-0.307982322,-0.304921859,-0.295617215,-0.278745989,-0.267840828,-0.283493545,-0.300715107,-0.308594599,-0.302809925,-0.337805067,-0.388324836,-0.61597377,-0.840327813,-1.040925151,-1.485264458,-2.130413185,-2.160990104,-2.260716938,-2.38461606,-2.441403612,-2.469186666,-2.420598986,-2.335976354,-1.85346463,-1.180930671,-0.406053195,0.313143842,0.763203104
610236.6395,0.97440099,0.864181844,0.445025247,-0.210155783,-0.982066357,-1.696639629,-2.227530974,-2.325712667,-2.38298062,-2.398802929,-2.358770197,-2.226958408,-2.120497418,-2.076986882,-1.44578432,-0.974602595,-0.722495961,-0.547878722,-0.370855775,-0.345018404,-0.315704713,-0.312985261,-0.303544452,-0.285509435,-0.274012367,-0.289915649,-0.308356957,-0.317049579,-0.310633186,-0.340293269,-0.374747254,-0.544215802,-0.756928763,-0.968647404,-1.381695343,-2.111933915,-2.146401486,-2.242289298,-2.368172517,-2.428336421,-2.458973753,-2.412484487,-2.329663513,-1.850508905,-1.180383804,-0.405592495,0.312557274,0.763978331
626226.9098,0.975168729,0.865814939,0.447916269,-0.206452066,-0.977845422,-1.691209955,-2.221252217,-2.318708638,-2.374993878,-2.389388833,-2.347652857,-2.214482343,-2.110015406,-2.066264276,-1.361148075,-0.919440764,-0.664180633,-0.508795786,-0.374279009,-0.353651338,-0.325089422,-0.321872061,-0.311872004,-0.293717762,-0.28178434,-0.297013729,-0.31599347,-0.32600318,-0.320778994,-0.346610786,-0.37248742,-0.485970569,-0.665587352,-0.880951358,-1.295076794,-2.066698273,-2.128538233,-2.219499881,-2.346575398,-2.410713743,-2.444640625,-2.400918554,-2.320319795,-1.845779612,-1.178803196,-0.404992061,0.312205416,0.764740735
656230.4988,0.977030169,0.866217356,0.447017707,-0.208646939,-0.981602133,-1.695490741,-2.225918079,-2.322780031,-2.378247968,-2.391492466,-2.348656339,-2.214197243,-2.112470677,-2.055758869,-1.30003808,-0.861324909,-0.61480441,-0.49150725,-0.393352881,-0.373463584,-0.342466637,-0.341196147,-0.332437895,-0.310713911,-0.295671059,-0.312266516,-0.334061794,-0.342730765,-0.334695956,-0.360835151,-0.381582728,-0.447351835,-0.571241701,-0.767486722,-1.214750881,-1.9476339,-2.116234508,-2.204119824,-2.331630656,-2.399659234,-2.435942664,-2.394401678,-2.314248962,-1.841292559,-1.174695805,-0.400009924,0.315862482,0.768694647
