#Re, Cd_mean, Cl_mean, Cd_rms, Cl_rms
154722.6151,1.141091147,-0.025948557,0.104762436,0.421536831
162782.6377,1.078019919,-0.019068809,0.096285587,0.365649518
171425.179,1.010696264,-0.006130287,0.094672021,0.330128392
173489.0656,1.003927489,-0.037912154,0.109054389,0.36099689
177932.9174,0.972853407,-0.015281641,0.109493409,0.374338756
181289.1766,0.944294571,-0.007475012,0.118190038,0.366486817
186746.5013,0.913763137,-0.01180958,0.121070196,0.383978067
188491.1879,0.904266064,-0.015917407,0.122751749,0.391788317
190933.8476,0.896577505,-0.005392592,0.121497819,0.394622943
194479.4229,0.874892211,-0.009270773,0.121030227,0.375852941
197953.9823,0.854586203,-0.010768117,0.11695545,0.384386448
201531.9235,0.837185624,-0.011252751,0.117245993,0.371290016
205438.0532,0.81560483,-0.018126231,0.11276147,0.375724364
207520.8097,0.806061635,-0.018705878,0.110677805,0.358999935
210293.8552,0.789138175,-0.018914534,0.110847226,0.359427827
214538.6895,0.764988818,-0.020469342,0.105495927,0.334237475
217416.9132,0.752457467,-0.025705366,0.103852998,0.336218536
220378.821,0.733648786,-0.021355099,0.099011974,0.308875865
222870.5399,0.716841012,-0.035226307,0.094201245,0.304301251
226382.2206,0.69832662,-0.034217648,0.09105412,0.279536381
229053.3202,0.682483374,-0.029662522,0.088068025,0.273105326
232561.2666,0.658322022,-0.037674151,0.082332512,0.249904835
235336.3694,0.641713739,-0.044787193,0.079726405,0.234982313
237812.4382,0.622397202,-0.039862251,0.075857843,0.222482991
241910.3663,0.593040432,-0.044776395,0.07025722,0.199624957
244499.883,0.574347112,-0.054399057,0.065882983,0.189429378
247854.1491,0.54432798,-0.069031944,0.060501024,0.170193172
250962.6113,0.515158428,-0.092146555,0.055053519,0.157338269
253225.0246,0.494372854,-0.102479313,0.053406483,0.14323658
256233.8867,0.467724524,-0.119981071,0.04905266,0.128547545
259855.3652,0.437795545,-0.11412773,0.046498288,0.116705997
262190.5389,0.417821496,-0.104127821,0.043162619,0.108192463
266769.064,0.383983492,-0.07725063,0.039787422,0.087972631
268557.1439,0.37308671,-0.076948674,0.038636265,0.079735572
272437.8955,0.351192589,-0.071305001,0.035218033,0.065593262
275070.4266,0.338626447,-0.068166773,0.03385861,0.060190441
279457.9606,0.318103589,-0.06250333,0.031975824,0.053645054
284281.807,0.302021185,-0.059978195,0.032301913,0.049042758
288686.3536,0.29590551,-0.051520586,0.034938097,0.045153568
293026.8655,0.289464716,-0.048610336,0.034401215,0.044462164
297578.439,0.283239952,-0.043895404,0.035355512,0.042753096
305857.9087,0.279919558,-0.037171513,0.035189758,0.040524344
313352.6195,0.276572133,-0.035903528,0.038895014,0.039777957
336710.0388,0.282993051,-0.027961934,0.039668487,0.037576911
383470.4488,0.291150222,-0.02174702,0.037266078,0.03712217
414297.0574,0.300713876,-0.018477694,0.03463312,0.037711989
460619.1878,0.303381124,-0.017616182,0.035597468,0.036672595
